{
	"pages": [ //pages数组中第一项表示应用启动页，参考：https://uniapp.dcloud.io/collocation/pages
		{
			"path": "pages/index/index",
			"style": {
				"navigationBarTitleText": "uni-app",
				"enablePullDownRefresh": true //  启动整体页面的下拉刷新 默认是false
			}
		}
	],
	"subPackages": [
		{
			"root": "subPck",
			"pages": [
				{
					"path": "detail/detail",
					"style":{
						"navigationBarTitleText": "详情加载中"
					}
				}
			]
		}
	],
	"globalStyle": {
		"navigationBarTextStyle": "black",
		"navigationBarTitleText": "uni-app",
		"navigationBarBackgroundColor": "#F8F8F8",
		"backgroundColor": "#F8F8F8"
	},
	"uniIdRouter": {}
}
